INSERT INTO accounts (name, auth_tenant_id, upstream_peer_hostname, required_labels, metadata_json, next_blob_sweep_at, next_storage_sweep_at, next_federation_announcement_at, in_maintenance, external_peer_url, external_peer_username, external_peer_password, platform_filter, gc_policies_json) VALUES ('test1', 'tenant1', '', '', '', NULL, NULL, NULL, FALSE, '', '', '', '', '[]');
INSERT INTO accounts (name, auth_tenant_id, upstream_peer_hostname, required_labels, metadata_json, next_blob_sweep_at, next_storage_sweep_at, next_federation_announcement_at, in_maintenance, external_peer_url, external_peer_username, external_peer_password, platform_filter, gc_policies_json) VALUES ('test2', 'tenant2', '', '', '', NULL, NULL, NULL, FALSE, '', '', '', '', '[]');

INSERT INTO blob_mounts (blob_id, repo_id, can_be_deleted_at) VALUES (1, 5, NULL);
INSERT INTO blob_mounts (blob_id, repo_id, can_be_deleted_at) VALUES (10, 5, NULL);
INSERT INTO blob_mounts (blob_id, repo_id, can_be_deleted_at) VALUES (2, 5, NULL);
INSERT INTO blob_mounts (blob_id, repo_id, can_be_deleted_at) VALUES (3, 5, NULL);
INSERT INTO blob_mounts (blob_id, repo_id, can_be_deleted_at) VALUES (4, 5, NULL);
INSERT INTO blob_mounts (blob_id, repo_id, can_be_deleted_at) VALUES (5, 5, NULL);
INSERT INTO blob_mounts (blob_id, repo_id, can_be_deleted_at) VALUES (6, 5, NULL);
INSERT INTO blob_mounts (blob_id, repo_id, can_be_deleted_at) VALUES (7, 5, NULL);
INSERT INTO blob_mounts (blob_id, repo_id, can_be_deleted_at) VALUES (8, 5, NULL);
INSERT INTO blob_mounts (blob_id, repo_id, can_be_deleted_at) VALUES (9, 5, NULL);

INSERT INTO blobs (id, account_name, digest, size_bytes, storage_id, pushed_at, validated_at, validation_error_message, can_be_deleted_at, media_type, blocks_vuln_scanning) VALUES (1, 'test1', 'sha256:0f8191f0b7f4d878acd87097ff96e338a21a5420343221d60a135de41c721782', 2000, '', 1010, 1010, '', NULL, '', NULL);
INSERT INTO blobs (id, account_name, digest, size_bytes, storage_id, pushed_at, validated_at, validation_error_message, can_be_deleted_at, media_type, blocks_vuln_scanning) VALUES (10, 'test1', 'sha256:99d139f8e68d538eaea0dd594c42503631e46a90296431b43f09fd122df37094', 20000, '', 1100, 1100, '', NULL, '', NULL);
INSERT INTO blobs (id, account_name, digest, size_bytes, storage_id, pushed_at, validated_at, validation_error_message, can_be_deleted_at, media_type, blocks_vuln_scanning) VALUES (2, 'test1', 'sha256:648f958255f6c400e6d202c510234b53558d0739b556912ae7f9c6dbcbb68e92', 4000, '', 1020, 1020, '', NULL, '', NULL);
INSERT INTO blobs (id, account_name, digest, size_bytes, storage_id, pushed_at, validated_at, validation_error_message, can_be_deleted_at, media_type, blocks_vuln_scanning) VALUES (3, 'test1', 'sha256:cd6a25c2ca3f53fdbbb4beb357ec3b82ec0b4a2abb5eacb93bdc0d2ddc21aa10', 6000, '', 1030, 1030, '', NULL, '', NULL);
INSERT INTO blobs (id, account_name, digest, size_bytes, storage_id, pushed_at, validated_at, validation_error_message, can_be_deleted_at, media_type, blocks_vuln_scanning) VALUES (4, 'test1', 'sha256:576d7e58c644f5640145f49d26e81d485a903b0c571b948b1288415447b5a9f7', 8000, '', 1040, 1040, '', NULL, '', NULL);
INSERT INTO blobs (id, account_name, digest, size_bytes, storage_id, pushed_at, validated_at, validation_error_message, can_be_deleted_at, media_type, blocks_vuln_scanning) VALUES (5, 'test1', 'sha256:2af3027165de24c11004942e4d349fcfc0eb550a1ab2fce384f8079e9e96b1a9', 10000, '', 1050, 1050, '', NULL, '', NULL);
INSERT INTO blobs (id, account_name, digest, size_bytes, storage_id, pushed_at, validated_at, validation_error_message, can_be_deleted_at, media_type, blocks_vuln_scanning) VALUES (6, 'test1', 'sha256:6589e5f5509718c0aa2331ddd8cfc3b13de1591e62b90f0fe2faf6cd0241cf4d', 12000, '', 1060, 1060, '', NULL, '', NULL);
INSERT INTO blobs (id, account_name, digest, size_bytes, storage_id, pushed_at, validated_at, validation_error_message, can_be_deleted_at, media_type, blocks_vuln_scanning) VALUES (7, 'test1', 'sha256:fe7bc6ce7e3ae806f50c22479236ef2735c69096e772b0b7bc12cff32f3301cf', 14000, '', 1070, 1070, '', NULL, '', NULL);
INSERT INTO blobs (id, account_name, digest, size_bytes, storage_id, pushed_at, validated_at, validation_error_message, can_be_deleted_at, media_type, blocks_vuln_scanning) VALUES (8, 'test1', 'sha256:2adb29cad7bd5b1dd9aac5f71a08574e0b9c6e150bc81ff133e0f6b61bb58ccc', 16000, '', 1080, 1080, '', NULL, '', NULL);
INSERT INTO blobs (id, account_name, digest, size_bytes, storage_id, pushed_at, validated_at, validation_error_message, can_be_deleted_at, media_type, blocks_vuln_scanning) VALUES (9, 'test1', 'sha256:ae77c2ac9b830873195a42fd24c0001b2906da9e25a429dde9a67b6f8611d1ec', 18000, '', 1090, 1090, '', NULL, '', NULL);

INSERT INTO manifests (repo_id, digest, media_type, size_bytes, pushed_at, validated_at, validation_error_message, last_pulled_at, next_vuln_check_at, vuln_status, vuln_scan_error, labels_json, gc_status_json, min_layer_created_at, max_layer_created_at) VALUES (5, 'sha256:040a5a009f9b9d5e4771742174142e74fa2d3e0aaa3df5717f01ade338d75d0e', '', 9000, 10090, 10090, '', NULL, NULL, 'Pending', '', '', '', NULL, NULL);
INSERT INTO manifests (repo_id, digest, media_type, size_bytes, pushed_at, validated_at, validation_error_message, last_pulled_at, next_vuln_check_at, vuln_status, vuln_scan_error, labels_json, gc_status_json, min_layer_created_at, max_layer_created_at) VALUES (5, 'sha256:04abc8821a06e5a30937967d11ad10221cb5ac3b5273e434f1284ee87129a061', '', 8000, 10080, 10080, '', NULL, NULL, 'Pending', '', '', '', NULL, NULL);
INSERT INTO manifests (repo_id, digest, media_type, size_bytes, pushed_at, validated_at, validation_error_message, last_pulled_at, next_vuln_check_at, vuln_status, vuln_scan_error, labels_json, gc_status_json, min_layer_created_at, max_layer_created_at) VALUES (5, 'sha256:27ecd0a598e76f8a2fd264d427df0a119903e8eae384e478902541756f089dd1', '', 4000, 10040, 10040, '', NULL, NULL, 'Pending', '', '', '', NULL, NULL);
INSERT INTO manifests (repo_id, digest, media_type, size_bytes, pushed_at, validated_at, validation_error_message, last_pulled_at, next_vuln_check_at, vuln_status, vuln_scan_error, labels_json, gc_status_json, min_layer_created_at, max_layer_created_at) VALUES (5, 'sha256:377a23f52c6b357696238c3318f677a082dd3430bb6691042bd550a5cda28ebb', '', 5000, 10050, 10050, '', NULL, NULL, 'Pending', '', '', '', NULL, NULL);
INSERT INTO manifests (repo_id, digest, media_type, size_bytes, pushed_at, validated_at, validation_error_message, last_pulled_at, next_vuln_check_at, vuln_status, vuln_scan_error, labels_json, gc_status_json, min_layer_created_at, max_layer_created_at) VALUES (5, 'sha256:4bf5122f344554c53bde2ebb8cd2b7e3d1600ad631c385a5d7cce23c7785459a', '', 1000, 10010, 10010, '', NULL, NULL, 'Pending', '', '', '', NULL, NULL);
INSERT INTO manifests (repo_id, digest, media_type, size_bytes, pushed_at, validated_at, validation_error_message, last_pulled_at, next_vuln_check_at, vuln_status, vuln_scan_error, labels_json, gc_status_json, min_layer_created_at, max_layer_created_at) VALUES (5, 'sha256:75c8fd04ad916aec3e3d5cb76a452b116b3d4d0912a0a485e9fb8e3d240e210c', '', 3000, 10030, 10030, '', NULL, NULL, 'Pending', '', '', '', NULL, NULL);
INSERT INTO manifests (repo_id, digest, media_type, size_bytes, pushed_at, validated_at, validation_error_message, last_pulled_at, next_vuln_check_at, vuln_status, vuln_scan_error, labels_json, gc_status_json, min_layer_created_at, max_layer_created_at) VALUES (5, 'sha256:9dcf97a184f32623d11a73124ceb99a5709b083721e878a16d78f596718ba7b2', '', 2000, 10020, 10020, '', NULL, NULL, 'Pending', '', '', '', NULL, NULL);
INSERT INTO manifests (repo_id, digest, media_type, size_bytes, pushed_at, validated_at, validation_error_message, last_pulled_at, next_vuln_check_at, vuln_status, vuln_scan_error, labels_json, gc_status_json, min_layer_created_at, max_layer_created_at) VALUES (5, 'sha256:c36336f242c655c52fa06c4d03f665ca9ea0bb84f20f1b1f90976aa58ca40a4a', '', 7000, 10070, 10070, '', NULL, NULL, 'Pending', '', '', '', NULL, NULL);
INSERT INTO manifests (repo_id, digest, media_type, size_bytes, pushed_at, validated_at, validation_error_message, last_pulled_at, next_vuln_check_at, vuln_status, vuln_scan_error, labels_json, gc_status_json, min_layer_created_at, max_layer_created_at) VALUES (5, 'sha256:dfea2964b5deedea7b1ef077de529c3959e6788bdbb3441e70c77a1ae875bb48', '', 6000, 10060, 10060, '', NULL, NULL, 'Pending', '', '', '', NULL, NULL);
INSERT INTO manifests (repo_id, digest, media_type, size_bytes, pushed_at, validated_at, validation_error_message, last_pulled_at, next_vuln_check_at, vuln_status, vuln_scan_error, labels_json, gc_status_json, min_layer_created_at, max_layer_created_at) VALUES (5, 'sha256:ffadf8d89d37b3b55fe1847b513cf92e3be87e4c168708c7851845df96fb36be', '', 10000, 10100, 10100, '', NULL, NULL, 'Pending', '', '', '', NULL, NULL);

INSERT INTO repos (id, account_name, name, next_blob_mount_sweep_at, next_manifest_sync_at, next_gc_at) VALUES (1, 'test1', 'repo1-1', NULL, NULL, NULL);
INSERT INTO repos (id, account_name, name, next_blob_mount_sweep_at, next_manifest_sync_at, next_gc_at) VALUES (10, 'test2', 'repo2-5', NULL, NULL, NULL);
INSERT INTO repos (id, account_name, name, next_blob_mount_sweep_at, next_manifest_sync_at, next_gc_at) VALUES (2, 'test2', 'repo2-1', NULL, NULL, NULL);
INSERT INTO repos (id, account_name, name, next_blob_mount_sweep_at, next_manifest_sync_at, next_gc_at) VALUES (3, 'test1', 'repo1-2', NULL, NULL, NULL);
INSERT INTO repos (id, account_name, name, next_blob_mount_sweep_at, next_manifest_sync_at, next_gc_at) VALUES (4, 'test2', 'repo2-2', NULL, NULL, NULL);
INSERT INTO repos (id, account_name, name, next_blob_mount_sweep_at, next_manifest_sync_at, next_gc_at) VALUES (5, 'test1', 'repo1-3', NULL, NULL, NULL);
INSERT INTO repos (id, account_name, name, next_blob_mount_sweep_at, next_manifest_sync_at, next_gc_at) VALUES (6, 'test2', 'repo2-3', NULL, NULL, NULL);
INSERT INTO repos (id, account_name, name, next_blob_mount_sweep_at, next_manifest_sync_at, next_gc_at) VALUES (7, 'test1', 'repo1-4', NULL, NULL, NULL);
INSERT INTO repos (id, account_name, name, next_blob_mount_sweep_at, next_manifest_sync_at, next_gc_at) VALUES (8, 'test2', 'repo2-4', NULL, NULL, NULL);
INSERT INTO repos (id, account_name, name, next_blob_mount_sweep_at, next_manifest_sync_at, next_gc_at) VALUES (9, 'test1', 'repo1-5', NULL, NULL, NULL);

INSERT INTO tags (repo_id, name, digest, pushed_at, last_pulled_at) VALUES (5, 'tag1', 'sha256:4bf5122f344554c53bde2ebb8cd2b7e3d1600ad631c385a5d7cce23c7785459a', 20010, NULL);
INSERT INTO tags (repo_id, name, digest, pushed_at, last_pulled_at) VALUES (5, 'tag2', 'sha256:9dcf97a184f32623d11a73124ceb99a5709b083721e878a16d78f596718ba7b2', 20020, NULL);
INSERT INTO tags (repo_id, name, digest, pushed_at, last_pulled_at) VALUES (5, 'tag3', 'sha256:75c8fd04ad916aec3e3d5cb76a452b116b3d4d0912a0a485e9fb8e3d240e210c', 20030, NULL);
