INSERT INTO accounts (name, auth_tenant_id) VALUES ('test1', 'test1authtenant');

INSERT INTO blob_mounts (blob_id, repo_id) VALUES (1, 1);
INSERT INTO blob_mounts (blob_id, repo_id) VALUES (10, 1);
INSERT INTO blob_mounts (blob_id, repo_id) VALUES (11, 1);
INSERT INTO blob_mounts (blob_id, repo_id) VALUES (12, 1);
INSERT INTO blob_mounts (blob_id, repo_id) VALUES (2, 1);
INSERT INTO blob_mounts (blob_id, repo_id) VALUES (3, 1);
INSERT INTO blob_mounts (blob_id, repo_id) VALUES (4, 1);
INSERT INTO blob_mounts (blob_id, repo_id) VALUES (5, 1);
INSERT INTO blob_mounts (blob_id, repo_id) VALUES (6, 1);
INSERT INTO blob_mounts (blob_id, repo_id) VALUES (7, 1);
INSERT INTO blob_mounts (blob_id, repo_id) VALUES (8, 1);
INSERT INTO blob_mounts (blob_id, repo_id) VALUES (9, 1);

INSERT INTO blobs (id, account_name, digest, size_bytes, storage_id, pushed_at, media_type, next_validation_at) VALUES (1, 'test1', 'sha256:3d309a098968afe810ee167e0c5b205ef3610829a6d34e0f0ba4ca66756c6f5e', 1048576, '6b86b273ff34fce19d6b804eff5a3f5747ada4eaa22f1d49c01e52ddb7875b4b', 3600, 'application/vnd.docker.image.rootfs.diff.tar', 608400);
INSERT INTO blobs (id, account_name, digest, size_bytes, storage_id, pushed_at, media_type, next_validation_at) VALUES (10, 'test1', 'sha256:20d4ccc3d3c11e04c4bb62969290ef46e2948efcb152a2977520da51cd6a724a', 1257, '4a44dc15364204a80fe80e9039455cc1608281820fe2b24f1e5233ade6af1dd5', 3600, 'application/vnd.docker.container.image.v1+json', 608400);
INSERT INTO blobs (id, account_name, digest, size_bytes, storage_id, pushed_at, media_type, next_validation_at) VALUES (11, 'test1', 'sha256:225784071498970fb0e296b8e8ac87a87b3f191ab670aef30053e151f8bf8b94', 2097213, '4fc82b26aecb47d2868c4efbe3581732a3e7cbcc6c2efb32062c08170a05eeb8', 3600, 'application/vnd.docker.image.rootfs.diff.tar.zstd', 608400);
INSERT INTO blobs (id, account_name, digest, size_bytes, storage_id, pushed_at, media_type, next_validation_at) VALUES (12, 'test1', 'sha256:016af44cc5e49647adfe43364c1b2c05e77429efe7bde8eb2f52ce8a78ee9244', 1257, '6b51d431df5d7f141cbececcf79edf3dd861c3b4069f0b11661a3eefacbba918', 3600, 'application/vnd.docker.container.image.v1+json', 608400);
INSERT INTO blobs (id, account_name, digest, size_bytes, storage_id, pushed_at, media_type, next_validation_at) VALUES (2, 'test1', 'sha256:3399f8c47219da521dcabade3b328f086e1aeb57c107e5d5a1ec07f2a4f4b20b', 1257, 'd4735e3a265e16eee03f59718b9b5d03019c07d8b6c51f90da3a666eec13ab35', 3600, 'application/vnd.docker.container.image.v1+json', 608400);
INSERT INTO blobs (id, account_name, digest, size_bytes, storage_id, pushed_at, media_type, next_validation_at) VALUES (3, 'test1', 'sha256:442f91fa9998460f28e8ff7023e5ddca679f7d2b51dc5498e8aba249678cc7f8', 1048919, '4e07408562bedb8b60ce05c1decfe3ad16b72230967de01f640b7e4729b49fce', 3600, 'application/vnd.docker.image.rootfs.diff.tar.gzip', 608400);
INSERT INTO blobs (id, account_name, digest, size_bytes, storage_id, pushed_at, media_type, next_validation_at) VALUES (4, 'test1', 'sha256:a0a84c915810634c0d4522dca789fa95a7ad5b843860ead04d2e13ec949d8a2f', 1257, '4b227777d4dd1fc61c6f884f48641d02b4d121d3fd328cb08b5531fcacdabf8a', 3600, 'application/vnd.docker.container.image.v1+json', 608400);
INSERT INTO blobs (id, account_name, digest, size_bytes, storage_id, pushed_at, media_type, next_validation_at) VALUES (5, 'test1', 'sha256:7e5e9e18c5d7f426f770339adab8d0d4682823dae447476e19fefef2b0c93610', 1048613, 'ef2d127de37b942baad06145e54b0c619a1f22327b2ebbcfbec78f5564afe39d', 3600, 'application/vnd.docker.image.rootfs.diff.tar.zstd', 608400);
INSERT INTO blobs (id, account_name, digest, size_bytes, storage_id, pushed_at, media_type, next_validation_at) VALUES (6, 'test1', 'sha256:fc9a726c7f1f47ae5e261d83dfc8057f10393da57c67e6a55fd42fa92b3e4c1f', 1257, 'e7f6c011776e8db7cd330b54174fd76f7d0216b612387a5ffcfb81e6f0919683', 3600, 'application/vnd.docker.container.image.v1+json', 608400);
INSERT INTO blobs (id, account_name, digest, size_bytes, storage_id, pushed_at, media_type, next_validation_at) VALUES (7, 'test1', 'sha256:9cecc84d3aca51a7f1c853ded78f2fb2ecc0081401bffb435102dfa2d581d412', 2097152, '7902699be42c8a8e46fbbb4501726517e86b22c56a189f7625a6da49081b2451', 3600, 'application/vnd.docker.image.rootfs.diff.tar', 608400);
INSERT INTO blobs (id, account_name, digest, size_bytes, storage_id, pushed_at, media_type, next_validation_at) VALUES (8, 'test1', 'sha256:b08cbaf37a567e115c07023ed7abac0b51de7c43cdf7fed4667c2dd359e13a7c', 1257, '2c624232cdd221771294dfbb310aca000a0df6ac8b66b696d90ef06fdefb64a3', 3600, 'application/vnd.docker.container.image.v1+json', 608400);
INSERT INTO blobs (id, account_name, digest, size_bytes, storage_id, pushed_at, media_type, next_validation_at) VALUES (9, 'test1', 'sha256:b9491b2dabf1abe69b58d0207f6df3f7186349c6704c65c9a1502dc2a296a6cb', 2097815, '19581e27de7ced00ff1ce50b2047e7a567c76b1cbaebabe5ef03f7c3017bb5b7', 3600, 'application/vnd.docker.image.rootfs.diff.tar.gzip', 608400);

INSERT INTO manifest_blob_refs (repo_id, digest, blob_id) VALUES (1, 'sha256:09f4fe1f2db9ac35b3ec87ca9edccbdc0de5239961f597368d04b8759f72aaba', 1);
INSERT INTO manifest_blob_refs (repo_id, digest, blob_id) VALUES (1, 'sha256:09f4fe1f2db9ac35b3ec87ca9edccbdc0de5239961f597368d04b8759f72aaba', 2);
INSERT INTO manifest_blob_refs (repo_id, digest, blob_id) VALUES (1, 'sha256:746bd4616ac54afd9edad90eacd753bb74b72b5eee1a5d18ef4a7ba930c8d7d8', 5);
INSERT INTO manifest_blob_refs (repo_id, digest, blob_id) VALUES (1, 'sha256:746bd4616ac54afd9edad90eacd753bb74b72b5eee1a5d18ef4a7ba930c8d7d8', 6);
INSERT INTO manifest_blob_refs (repo_id, digest, blob_id) VALUES (1, 'sha256:9483f33be9f2a735089786cda3bfc71c21965e3f089cb60cd56feaf10179a102', 10);
INSERT INTO manifest_blob_refs (repo_id, digest, blob_id) VALUES (1, 'sha256:9483f33be9f2a735089786cda3bfc71c21965e3f089cb60cd56feaf10179a102', 9);
INSERT INTO manifest_blob_refs (repo_id, digest, blob_id) VALUES (1, 'sha256:ab04d77d9e4dcfec1f72b4cd1c56f5714c472b535de7b06ffc39666f5a58a996', 11);
INSERT INTO manifest_blob_refs (repo_id, digest, blob_id) VALUES (1, 'sha256:ab04d77d9e4dcfec1f72b4cd1c56f5714c472b535de7b06ffc39666f5a58a996', 12);
INSERT INTO manifest_blob_refs (repo_id, digest, blob_id) VALUES (1, 'sha256:e3c1e46560a7ce30e3d107791e1f60a588eda9554564a5d17aa365e53dd6ae58', 3);
INSERT INTO manifest_blob_refs (repo_id, digest, blob_id) VALUES (1, 'sha256:e3c1e46560a7ce30e3d107791e1f60a588eda9554564a5d17aa365e53dd6ae58', 4);
INSERT INTO manifest_blob_refs (repo_id, digest, blob_id) VALUES (1, 'sha256:ea20c5791624b5c9654aacbce7a3993d1f588c219167e2ca3993faff52f76258', 7);
INSERT INTO manifest_blob_refs (repo_id, digest, blob_id) VALUES (1, 'sha256:ea20c5791624b5c9654aacbce7a3993d1f588c219167e2ca3993faff52f76258', 8);

INSERT INTO manifest_contents (repo_id, digest, content) VALUES (1, 'sha256:09f4fe1f2db9ac35b3ec87ca9edccbdc0de5239961f597368d04b8759f72aaba', '{"config":{"digest":"sha256:3399f8c47219da521dcabade3b328f086e1aeb57c107e5d5a1ec07f2a4f4b20b","mediaType":"application/vnd.docker.container.image.v1+json","size":1257},"layers":[{"digest":"sha256:3d309a098968afe810ee167e0c5b205ef3610829a6d34e0f0ba4ca66756c6f5e","mediaType":"application/vnd.docker.image.rootfs.diff.tar","size":1048576}],"mediaType":"application/vnd.docker.distribution.manifest.v2+json","schemaVersion":2}');
INSERT INTO manifest_contents (repo_id, digest, content) VALUES (1, 'sha256:62c00e0c9fbb8630f3e6b6f78e916fd31ffdb422c8ba113a06fe5a4c749da897', '{"manifests":[{"digest":"sha256:09f4fe1f2db9ac35b3ec87ca9edccbdc0de5239961f597368d04b8759f72aaba","mediaType":"application/vnd.docker.distribution.manifest.v2+json","platform":{"architecture":"amd64","os":"linux"},"size":423},{"digest":"sha256:e3c1e46560a7ce30e3d107791e1f60a588eda9554564a5d17aa365e53dd6ae58","mediaType":"application/vnd.docker.distribution.manifest.v2+json","platform":{"architecture":"arm","os":"linux"},"size":428}],"mediaType":"application/vnd.docker.distribution.manifest.list.v2+json","schemaVersion":2}');
INSERT INTO manifest_contents (repo_id, digest, content) VALUES (1, 'sha256:746bd4616ac54afd9edad90eacd753bb74b72b5eee1a5d18ef4a7ba930c8d7d8', '{"config":{"digest":"sha256:fc9a726c7f1f47ae5e261d83dfc8057f10393da57c67e6a55fd42fa92b3e4c1f","mediaType":"application/vnd.docker.container.image.v1+json","size":1257},"layers":[{"digest":"sha256:7e5e9e18c5d7f426f770339adab8d0d4682823dae447476e19fefef2b0c93610","mediaType":"application/vnd.docker.image.rootfs.diff.tar.zstd","size":1048613}],"mediaType":"application/vnd.docker.distribution.manifest.v2+json","schemaVersion":2}');
INSERT INTO manifest_contents (repo_id, digest, content) VALUES (1, 'sha256:9483f33be9f2a735089786cda3bfc71c21965e3f089cb60cd56feaf10179a102', '{"config":{"digest":"sha256:20d4ccc3d3c11e04c4bb62969290ef46e2948efcb152a2977520da51cd6a724a","mediaType":"application/vnd.docker.container.image.v1+json","size":1257},"layers":[{"digest":"sha256:b9491b2dabf1abe69b58d0207f6df3f7186349c6704c65c9a1502dc2a296a6cb","mediaType":"application/vnd.docker.image.rootfs.diff.tar.gzip","size":2097815}],"mediaType":"application/vnd.docker.distribution.manifest.v2+json","schemaVersion":2}');
INSERT INTO manifest_contents (repo_id, digest, content) VALUES (1, 'sha256:ab04d77d9e4dcfec1f72b4cd1c56f5714c472b535de7b06ffc39666f5a58a996', '{"config":{"digest":"sha256:016af44cc5e49647adfe43364c1b2c05e77429efe7bde8eb2f52ce8a78ee9244","mediaType":"application/vnd.docker.container.image.v1+json","size":1257},"layers":[{"digest":"sha256:225784071498970fb0e296b8e8ac87a87b3f191ab670aef30053e151f8bf8b94","mediaType":"application/vnd.docker.image.rootfs.diff.tar.zstd","size":2097213}],"mediaType":"application/vnd.docker.distribution.manifest.v2+json","schemaVersion":2}');
INSERT INTO manifest_contents (repo_id, digest, content) VALUES (1, 'sha256:e3c1e46560a7ce30e3d107791e1f60a588eda9554564a5d17aa365e53dd6ae58', '{"config":{"digest":"sha256:a0a84c915810634c0d4522dca789fa95a7ad5b843860ead04d2e13ec949d8a2f","mediaType":"application/vnd.docker.container.image.v1+json","size":1257},"layers":[{"digest":"sha256:442f91fa9998460f28e8ff7023e5ddca679f7d2b51dc5498e8aba249678cc7f8","mediaType":"application/vnd.docker.image.rootfs.diff.tar.gzip","size":1048919}],"mediaType":"application/vnd.docker.distribution.manifest.v2+json","schemaVersion":2}');
INSERT INTO manifest_contents (repo_id, digest, content) VALUES (1, 'sha256:ea20c5791624b5c9654aacbce7a3993d1f588c219167e2ca3993faff52f76258', '{"config":{"digest":"sha256:b08cbaf37a567e115c07023ed7abac0b51de7c43cdf7fed4667c2dd359e13a7c","mediaType":"application/vnd.docker.container.image.v1+json","size":1257},"layers":[{"digest":"sha256:9cecc84d3aca51a7f1c853ded78f2fb2ecc0081401bffb435102dfa2d581d412","mediaType":"application/vnd.docker.image.rootfs.diff.tar","size":2097152}],"mediaType":"application/vnd.docker.distribution.manifest.v2+json","schemaVersion":2}');

INSERT INTO manifest_manifest_refs (repo_id, parent_digest, child_digest) VALUES (1, 'sha256:62c00e0c9fbb8630f3e6b6f78e916fd31ffdb422c8ba113a06fe5a4c749da897', 'sha256:09f4fe1f2db9ac35b3ec87ca9edccbdc0de5239961f597368d04b8759f72aaba');
INSERT INTO manifest_manifest_refs (repo_id, parent_digest, child_digest) VALUES (1, 'sha256:62c00e0c9fbb8630f3e6b6f78e916fd31ffdb422c8ba113a06fe5a4c749da897', 'sha256:e3c1e46560a7ce30e3d107791e1f60a588eda9554564a5d17aa365e53dd6ae58');

INSERT INTO manifests (repo_id, digest, media_type, size_bytes, pushed_at, next_validation_at) VALUES (1, 'sha256:09f4fe1f2db9ac35b3ec87ca9edccbdc0de5239961f597368d04b8759f72aaba', 'application/vnd.docker.distribution.manifest.v2+json', 1050256, 3600, 90000);
INSERT INTO manifests (repo_id, digest, media_type, size_bytes, pushed_at, next_validation_at) VALUES (1, 'sha256:62c00e0c9fbb8630f3e6b6f78e916fd31ffdb422c8ba113a06fe5a4c749da897', 'application/vnd.docker.distribution.manifest.list.v2+json', 2101387, 3600, 90000);
INSERT INTO manifests (repo_id, digest, media_type, size_bytes, pushed_at, next_validation_at) VALUES (1, 'sha256:746bd4616ac54afd9edad90eacd753bb74b72b5eee1a5d18ef4a7ba930c8d7d8', 'application/vnd.docker.distribution.manifest.v2+json', 1050298, 3600, 90000);
INSERT INTO manifests (repo_id, digest, media_type, size_bytes, pushed_at, next_validation_at) VALUES (1, 'sha256:9483f33be9f2a735089786cda3bfc71c21965e3f089cb60cd56feaf10179a102', 'application/vnd.docker.distribution.manifest.v2+json', 2099500, 3600, 90000);
INSERT INTO manifests (repo_id, digest, media_type, size_bytes, pushed_at, next_validation_at) VALUES (1, 'sha256:ab04d77d9e4dcfec1f72b4cd1c56f5714c472b535de7b06ffc39666f5a58a996', 'application/vnd.docker.distribution.manifest.v2+json', 2098898, 3600, 90000);
INSERT INTO manifests (repo_id, digest, media_type, size_bytes, pushed_at, next_validation_at) VALUES (1, 'sha256:e3c1e46560a7ce30e3d107791e1f60a588eda9554564a5d17aa365e53dd6ae58', 'application/vnd.docker.distribution.manifest.v2+json', 1050604, 3600, 90000);
INSERT INTO manifests (repo_id, digest, media_type, size_bytes, pushed_at, next_validation_at) VALUES (1, 'sha256:ea20c5791624b5c9654aacbce7a3993d1f588c219167e2ca3993faff52f76258', 'application/vnd.docker.distribution.manifest.v2+json', 2098832, 3600, 90000);

INSERT INTO quotas (auth_tenant_id, manifests) VALUES ('test1authtenant', 100);

INSERT INTO repos (id, account_name, name) VALUES (1, 'test1', 'foo');

INSERT INTO trivy_security_info (repo_id, digest, vuln_status, message, next_check_at) VALUES (1, 'sha256:09f4fe1f2db9ac35b3ec87ca9edccbdc0de5239961f597368d04b8759f72aaba', 'Pending', '', 3600);
INSERT INTO trivy_security_info (repo_id, digest, vuln_status, message, next_check_at) VALUES (1, 'sha256:62c00e0c9fbb8630f3e6b6f78e916fd31ffdb422c8ba113a06fe5a4c749da897', 'Pending', '', 3600);
INSERT INTO trivy_security_info (repo_id, digest, vuln_status, message, next_check_at) VALUES (1, 'sha256:746bd4616ac54afd9edad90eacd753bb74b72b5eee1a5d18ef4a7ba930c8d7d8', 'Pending', '', 3600);
INSERT INTO trivy_security_info (repo_id, digest, vuln_status, message, next_check_at) VALUES (1, 'sha256:9483f33be9f2a735089786cda3bfc71c21965e3f089cb60cd56feaf10179a102', 'Pending', '', 3600);
INSERT INTO trivy_security_info (repo_id, digest, vuln_status, message, next_check_at) VALUES (1, 'sha256:ab04d77d9e4dcfec1f72b4cd1c56f5714c472b535de7b06ffc39666f5a58a996', 'Pending', '', 3600);
INSERT INTO trivy_security_info (repo_id, digest, vuln_status, message, next_check_at) VALUES (1, 'sha256:e3c1e46560a7ce30e3d107791e1f60a588eda9554564a5d17aa365e53dd6ae58', 'Pending', '', 3600);
INSERT INTO trivy_security_info (repo_id, digest, vuln_status, message, next_check_at) VALUES (1, 'sha256:ea20c5791624b5c9654aacbce7a3993d1f588c219167e2ca3993faff52f76258', 'Pending', '', 3600);
