INSERT INTO accounts (name, auth_tenant_id) VALUES ('test1', 'test1authtenant');

INSERT INTO blob_mounts (blob_id, repo_id) VALUES (1, 1);
INSERT INTO blob_mounts (blob_id, repo_id) VALUES (2, 1);
INSERT INTO blob_mounts (blob_id, repo_id) VALUES (3, 1);
INSERT INTO blob_mounts (blob_id, repo_id) VALUES (4, 1);
INSERT INTO blob_mounts (blob_id, repo_id) VALUES (5, 1);
INSERT INTO blob_mounts (blob_id, repo_id) VALUES (6, 1);
INSERT INTO blob_mounts (blob_id, repo_id) VALUES (7, 1);
INSERT INTO blob_mounts (blob_id, repo_id) VALUES (8, 1);

INSERT INTO blobs (id, account_name, digest, size_bytes, storage_id, pushed_at, media_type, next_validation_at) VALUES (1, 'test1', 'sha256:2afc94a21f8a7af5b7eac32e3a3acabfd2db3cb80da1631a995eeee413171bc1', 1048919, '6b86b273ff34fce19d6b804eff5a3f5747ada4eaa22f1d49c01e52ddb7875b4b', 3600, 'application/vnd.docker.image.rootfs.diff.tar.gzip', 608400);
INSERT INTO blobs (id, account_name, digest, size_bytes, storage_id, pushed_at, media_type, next_validation_at) VALUES (2, 'test1', 'sha256:09eb8b4e127f21b642d66521f2e76f125fff23437742f832b0fd534e741f4f8b', 1257, 'd4735e3a265e16eee03f59718b9b5d03019c07d8b6c51f90da3a666eec13ab35', 3600, 'application/vnd.docker.container.image.v1+json', 608400);
INSERT INTO blobs (id, account_name, digest, size_bytes, storage_id, pushed_at, media_type, next_validation_at) VALUES (3, 'test1', 'sha256:442f91fa9998460f28e8ff7023e5ddca679f7d2b51dc5498e8aba249678cc7f8', 1048919, '4e07408562bedb8b60ce05c1decfe3ad16b72230967de01f640b7e4729b49fce', 3600, 'application/vnd.docker.image.rootfs.diff.tar.gzip', 608400);
INSERT INTO blobs (id, account_name, digest, size_bytes, storage_id, pushed_at, media_type, next_validation_at) VALUES (4, 'test1', 'sha256:a0a84c915810634c0d4522dca789fa95a7ad5b843860ead04d2e13ec949d8a2f', 1257, '4b227777d4dd1fc61c6f884f48641d02b4d121d3fd328cb08b5531fcacdabf8a', 3600, 'application/vnd.docker.container.image.v1+json', 608400);
INSERT INTO blobs (id, account_name, digest, size_bytes, storage_id, pushed_at, media_type, next_validation_at) VALUES (5, 'test1', 'sha256:3ae14a50df760250f0e97faf429cc4541c832ed0de61ad5b6ac25d1d695d1a6e', 1048919, 'ef2d127de37b942baad06145e54b0c619a1f22327b2ebbcfbec78f5564afe39d', 3600, 'application/vnd.docker.image.rootfs.diff.tar.gzip', 608400);
INSERT INTO blobs (id, account_name, digest, size_bytes, storage_id, pushed_at, media_type, next_validation_at) VALUES (6, 'test1', 'sha256:958a896c0ef1220adf55b23d10e8e960a658b451ace48597f44db27a4a899304', 1257, 'e7f6c011776e8db7cd330b54174fd76f7d0216b612387a5ffcfb81e6f0919683', 3600, 'application/vnd.docker.container.image.v1+json', 608400);
INSERT INTO blobs (id, account_name, digest, size_bytes, storage_id, pushed_at, media_type, next_validation_at) VALUES (7, 'test1', 'sha256:b9491b2dabf1abe69b58d0207f6df3f7186349c6704c65c9a1502dc2a296a6cb', 2097815, '7902699be42c8a8e46fbbb4501726517e86b22c56a189f7625a6da49081b2451', 3600, 'application/vnd.docker.image.rootfs.diff.tar.gzip', 608400);
INSERT INTO blobs (id, account_name, digest, size_bytes, storage_id, pushed_at, media_type, next_validation_at) VALUES (8, 'test1', 'sha256:20d4ccc3d3c11e04c4bb62969290ef46e2948efcb152a2977520da51cd6a724a', 1257, '2c624232cdd221771294dfbb310aca000a0df6ac8b66b696d90ef06fdefb64a3', 3600, 'application/vnd.docker.container.image.v1+json', 608400);

INSERT INTO manifest_blob_refs (repo_id, digest, blob_id) VALUES (1, 'sha256:0962993cac41a5429d58b5142279ea849c3291cdffcc881d0188f1be73928ffd', 1);
INSERT INTO manifest_blob_refs (repo_id, digest, blob_id) VALUES (1, 'sha256:0962993cac41a5429d58b5142279ea849c3291cdffcc881d0188f1be73928ffd', 2);
INSERT INTO manifest_blob_refs (repo_id, digest, blob_id) VALUES (1, 'sha256:4c4f2bca300e74786a04590aa15cfcbfa1f3ec64c15fad0a0df8a6674dcbf34b', 5);
INSERT INTO manifest_blob_refs (repo_id, digest, blob_id) VALUES (1, 'sha256:4c4f2bca300e74786a04590aa15cfcbfa1f3ec64c15fad0a0df8a6674dcbf34b', 6);
INSERT INTO manifest_blob_refs (repo_id, digest, blob_id) VALUES (1, 'sha256:9483f33be9f2a735089786cda3bfc71c21965e3f089cb60cd56feaf10179a102', 7);
INSERT INTO manifest_blob_refs (repo_id, digest, blob_id) VALUES (1, 'sha256:9483f33be9f2a735089786cda3bfc71c21965e3f089cb60cd56feaf10179a102', 8);
INSERT INTO manifest_blob_refs (repo_id, digest, blob_id) VALUES (1, 'sha256:e3c1e46560a7ce30e3d107791e1f60a588eda9554564a5d17aa365e53dd6ae58', 3);
INSERT INTO manifest_blob_refs (repo_id, digest, blob_id) VALUES (1, 'sha256:e3c1e46560a7ce30e3d107791e1f60a588eda9554564a5d17aa365e53dd6ae58', 4);

INSERT INTO manifest_contents (repo_id, digest, content) VALUES (1, 'sha256:0962993cac41a5429d58b5142279ea849c3291cdffcc881d0188f1be73928ffd', '{"config":{"digest":"sha256:09eb8b4e127f21b642d66521f2e76f125fff23437742f832b0fd534e741f4f8b","mediaType":"application/vnd.docker.container.image.v1+json","size":1257},"layers":[{"digest":"sha256:2afc94a21f8a7af5b7eac32e3a3acabfd2db3cb80da1631a995eeee413171bc1","mediaType":"application/vnd.docker.image.rootfs.diff.tar.gzip","size":1048919}],"mediaType":"application/vnd.docker.distribution.manifest.v2+json","schemaVersion":2}');
INSERT INTO manifest_contents (repo_id, digest, content) VALUES (1, 'sha256:44e1f93f1d7e65ecd552c9b3544af5966095177dbc3b3757fb2e7629dc219f1a', '{"manifests":[{"digest":"sha256:0962993cac41a5429d58b5142279ea849c3291cdffcc881d0188f1be73928ffd","mediaType":"application/vnd.docker.distribution.manifest.v2+json","platform":{"architecture":"amd64","os":"linux"},"size":428},{"digest":"sha256:e3c1e46560a7ce30e3d107791e1f60a588eda9554564a5d17aa365e53dd6ae58","mediaType":"application/vnd.docker.distribution.manifest.v2+json","platform":{"architecture":"arm","os":"linux"},"size":428}],"mediaType":"application/vnd.docker.distribution.manifest.list.v2+json","schemaVersion":2}');
INSERT INTO manifest_contents (repo_id, digest, content) VALUES (1, 'sha256:4c4f2bca300e74786a04590aa15cfcbfa1f3ec64c15fad0a0df8a6674dcbf34b', '{"config":{"digest":"sha256:958a896c0ef1220adf55b23d10e8e960a658b451ace48597f44db27a4a899304","mediaType":"application/vnd.docker.container.image.v1+json","size":1257},"layers":[{"digest":"sha256:3ae14a50df760250f0e97faf429cc4541c832ed0de61ad5b6ac25d1d695d1a6e","mediaType":"application/vnd.docker.image.rootfs.diff.tar.gzip","size":1048919}],"mediaType":"application/vnd.docker.distribution.manifest.v2+json","schemaVersion":2}');
INSERT INTO manifest_contents (repo_id, digest, content) VALUES (1, 'sha256:9483f33be9f2a735089786cda3bfc71c21965e3f089cb60cd56feaf10179a102', '{"config":{"digest":"sha256:20d4ccc3d3c11e04c4bb62969290ef46e2948efcb152a2977520da51cd6a724a","mediaType":"application/vnd.docker.container.image.v1+json","size":1257},"layers":[{"digest":"sha256:b9491b2dabf1abe69b58d0207f6df3f7186349c6704c65c9a1502dc2a296a6cb","mediaType":"application/vnd.docker.image.rootfs.diff.tar.gzip","size":2097815}],"mediaType":"application/vnd.docker.distribution.manifest.v2+json","schemaVersion":2}');
INSERT INTO manifest_contents (repo_id, digest, content) VALUES (1, 'sha256:e3c1e46560a7ce30e3d107791e1f60a588eda9554564a5d17aa365e53dd6ae58', '{"config":{"digest":"sha256:a0a84c915810634c0d4522dca789fa95a7ad5b843860ead04d2e13ec949d8a2f","mediaType":"application/vnd.docker.container.image.v1+json","size":1257},"layers":[{"digest":"sha256:442f91fa9998460f28e8ff7023e5ddca679f7d2b51dc5498e8aba249678cc7f8","mediaType":"application/vnd.docker.image.rootfs.diff.tar.gzip","size":1048919}],"mediaType":"application/vnd.docker.distribution.manifest.v2+json","schemaVersion":2}');

INSERT INTO manifest_manifest_refs (repo_id, parent_digest, child_digest) VALUES (1, 'sha256:44e1f93f1d7e65ecd552c9b3544af5966095177dbc3b3757fb2e7629dc219f1a', 'sha256:0962993cac41a5429d58b5142279ea849c3291cdffcc881d0188f1be73928ffd');
INSERT INTO manifest_manifest_refs (repo_id, parent_digest, child_digest) VALUES (1, 'sha256:44e1f93f1d7e65ecd552c9b3544af5966095177dbc3b3757fb2e7629dc219f1a', 'sha256:e3c1e46560a7ce30e3d107791e1f60a588eda9554564a5d17aa365e53dd6ae58');

INSERT INTO manifests (repo_id, digest, media_type, size_bytes, pushed_at, next_validation_at) VALUES (1, 'sha256:0962993cac41a5429d58b5142279ea849c3291cdffcc881d0188f1be73928ffd', 'application/vnd.docker.distribution.manifest.v2+json', 1050604, 3600, 90000);
INSERT INTO manifests (repo_id, digest, media_type, size_bytes, pushed_at, next_validation_at) VALUES (1, 'sha256:44e1f93f1d7e65ecd552c9b3544af5966095177dbc3b3757fb2e7629dc219f1a', 'application/vnd.docker.distribution.manifest.list.v2+json', 2101735, 3600, 90000);
INSERT INTO manifests (repo_id, digest, media_type, size_bytes, pushed_at, next_validation_at) VALUES (1, 'sha256:4c4f2bca300e74786a04590aa15cfcbfa1f3ec64c15fad0a0df8a6674dcbf34b', 'application/vnd.docker.distribution.manifest.v2+json', 1050604, 3600, 90000);
INSERT INTO manifests (repo_id, digest, media_type, size_bytes, pushed_at, next_validation_at) VALUES (1, 'sha256:9483f33be9f2a735089786cda3bfc71c21965e3f089cb60cd56feaf10179a102', 'application/vnd.docker.distribution.manifest.v2+json', 2099500, 3600, 90000);
INSERT INTO manifests (repo_id, digest, media_type, size_bytes, pushed_at, next_validation_at) VALUES (1, 'sha256:e3c1e46560a7ce30e3d107791e1f60a588eda9554564a5d17aa365e53dd6ae58', 'application/vnd.docker.distribution.manifest.v2+json', 1050604, 3600, 90000);

INSERT INTO quotas (auth_tenant_id, manifests) VALUES ('test1authtenant', 100);

INSERT INTO repos (id, account_name, name) VALUES (1, 'test1', 'foo');

INSERT INTO trivy_security_info (repo_id, digest, vuln_status, message, next_check_at) VALUES (1, 'sha256:0962993cac41a5429d58b5142279ea849c3291cdffcc881d0188f1be73928ffd', 'Pending', '', 3600);
INSERT INTO trivy_security_info (repo_id, digest, vuln_status, message, next_check_at) VALUES (1, 'sha256:44e1f93f1d7e65ecd552c9b3544af5966095177dbc3b3757fb2e7629dc219f1a', 'Pending', '', 3600);
INSERT INTO trivy_security_info (repo_id, digest, vuln_status, message, next_check_at) VALUES (1, 'sha256:4c4f2bca300e74786a04590aa15cfcbfa1f3ec64c15fad0a0df8a6674dcbf34b', 'Pending', '', 3600);
INSERT INTO trivy_security_info (repo_id, digest, vuln_status, message, next_check_at) VALUES (1, 'sha256:9483f33be9f2a735089786cda3bfc71c21965e3f089cb60cd56feaf10179a102', 'Pending', '', 3600);
INSERT INTO trivy_security_info (repo_id, digest, vuln_status, message, next_check_at) VALUES (1, 'sha256:e3c1e46560a7ce30e3d107791e1f60a588eda9554564a5d17aa365e53dd6ae58', 'Pending', '', 3600);
